{
    "caption": "globe, book, candle, sunlight, bookshelf, chalkboard, indoors, scenery, window, light_rays, chair, clock, plant, vase, desk, book_stack, curtains, potted_plant, flower, solo, lamp, table, no_humans, sunbeam, constellation, 1girl, map, loaded_interior, flower_pot, magic_circle, jar, open_book, paper",
    "taglist": "globe, book, candle, sunlight, bookshelf, chalkboard, indoors, scenery, window, light rays, chair, clock, plant, vase, desk, book stack, curtains, potted plant, flower, solo, lamp, table, no humans, sunbeam, constellation, 1girl, map, loaded interior, flower pot, magic circle, jar, open book, paper",
    "ratings": {
        "general": 0.9124848246574402,
        "sensitive": 0.13546907901763916,
        "questionable": 0.005701737012714148,
        "explicit": 0.004322136752307415
    },
    "character_tags": {},
    "general_tags": {
        "globe": 0.9560527801513672,
        "book": 0.9397528767585754,
        "candle": 0.9328266978263855,
        "sunlight": 0.9158573150634766,
        "bookshelf": 0.8774989247322083,
        "chalkboard": 0.8677830696105957,
        "indoors": 0.8650983572006226,
        "scenery": 0.8617698550224304,
        "window": 0.8419704437255859,
        "light_rays": 0.8270475268363953,
        "chair": 0.7781680226325989,
        "clock": 0.7316938042640686,
        "plant": 0.7036769390106201,
        "vase": 0.6991560459136963,
        "desk": 0.6861603260040283,
        "book_stack": 0.6802374124526978,
        "curtains": 0.6718823313713074,
        "potted_plant": 0.6618542075157166,
        "flower": 0.6570541858673096,
        "solo": 0.6539363861083984,
        "lamp": 0.650459885597229,
        "table": 0.6445236206054688,
        "no_humans": 0.6271842122077942,
        "sunbeam": 0.6171255111694336,
        "constellation": 0.5646426677703857,
        "1girl": 0.5625841617584229,
        "map": 0.5544286966323853,
        "loaded_interior": 0.5346464514732361,
        "flower_pot": 0.45811179280281067,
        "magic_circle": 0.40936174988746643,
        "jar": 0.3754035234451294,
        "open_book": 0.36618831753730774,
        "paper": 0.3516274690628052
    },
    "gen_threshold": 0.35,
    "char_threshold": 0.75
}